﻿"Cube Title","Product Id","CANSIM Id",URL,"Cube Notes","Archive Status",Frequency,"Start Reference Period","End Reference Period","Total number of dimensions"
"Transportation supply chain performance, Transport Canada","23100271",,"https://www150.statcan.gc.ca/t1/tbl1/en/tv.action?pid=2310027101",,"CURRENT - a cube available to the public and that is current","Monthly","2017-01-01","2024-09-01","2",

"Dimension ID","Dimension name","Dimension Notes","Dimension Definitions"
"1","Geography",,""
"2","Performance indicators",,""

"Dimension ID","Member Name","Classification Code","Member ID","Parent Member ID",Terminated,"Member Notes","Member Definitions"
"1","Canada","[11124]","1","","",,
"2","Containers, commodity flow indicator for Halifax, Nova Scotia","","1","","",1,
"2","Containers, commodity flow indicator for Montréal, Quebec","","2","","",1,
"2","Containers, port dwell time East Coast ports","","3","","",2,
"2","Containers, commodity flow indicator for Vancouver, British Columbia","","4","","",1,
"2","Containers, commodity flow indicator for Prince Rupert, British Columbia","","5","","",1,
"2","Containers, port dwell time West Coast ports","","6","","",2,
"2","Containers, end-to-end Shanghai-Toronto via West Coast ports","","7","","",3,
"2","Grain, commodity flow indicator for Vancouver, British Columbia","","8","","",4,
"2","Grain, commodity flow indicator for Prince Rupert, British Columbia","","9","","",4,
"2","Grain, end-to-end Saskatchewan to Japan via Vancouver, British Columbia","","10","","",5,
"2","Grain, end-to-end Saskatchewan to China via Vancouver, British Columbia","","11","","",5,

Symbol Legend
Description,Symbol
"not available for a specific reference period","..",
"less than the limit of detection","<LOD",
"value rounded to 0 (zero) where there is a meaningful distinction between true zero and the value that was rounded","0s",
"data quality: excellent","A",
"data quality: very good","B",
"data quality: good","C",
"data quality: acceptable","D",
"use with caution","E",
"too unreliable to be published","F",
"not applicable","...",
"preliminary","p",
"revised","r",
"suppressed to meet the confidentiality requirements of the Statistics Act","x",
"terminated","t",

"Survey Code","Survey Name"
"5292","Transport Canada in brief"

"Subject Code","Subject Name"
"23","Transportation"

"Note ID",Note
1,"The commodity flow indicator is the amount of container twenty-foot equivalent units (TEUs) handled by a port in the current period compared to the average amount of TEUs handled in the last three years."
2,"The port dwell time is the time a container coming into the port spends from the time it is unloaded from the ship until it is loaded onto a train or truck at the port."
3,"The end-to-end transit time is total time taken for containers being shipped into Canadian ports by rail and by water modes to reach their destination. It also includes the dwell time at the port where the container is unloaded."
4,"The commodity flow indicator is the volume of grain handled by a port in the current period compared to the average volume handled in the last three years."
5,"The end-to-end transit time is the total time to export grain being shipped from the Canadian Prairies to Asia from the Port of Vancouver. The time is made up of the loaded dwell time at Prairie elevators, rail transit time, port dwell time, vessel loading time and marine transit time."

"Correction ID","Correction Date","Correction Note"
